journal,title,author,year,doi
American Archivist,"Revisiting Mary Jane, or, dear cat: Being archival in the 21st century",Hensen S.,2002,10.17723/aarc.65.2.104w10327012l021
American Archivist,Reimagining archives: Two tales for the information age,Stout L.J.,2002,10.17723/aarc.65.1.p8hvq6j306036285
American Archivist,Archival literature - Old and new,Eppard P.,2003,
American Archivist,New respect for the old order: The context of the Dutch manual,Horsman P.,2003,10.17723/aarc.66.2.452235k813568872
American Archivist,Archives or assets?,Hirtle P.,2003,10.17723/aarc.66.2.h0mn427675783n5l
American Archivist,Perimeters with fences? Or thresholds with doors? Two views of a border,Craig B.,2003,10.17723/aarc.66.1.a6773715p68m2068
American Archivist,American archivist cover illustration,Mooney P.,2004,
American Archivist,Letter to the editor,Greene M.,2004,
American Archivist,"Council meeting minutes february 7-8, 2004 - Arlington, Virginia",Beaumont N.,2004,
American Archivist,"Council meeting minutes June 5-6, 2004 - Chicago",Beaumont N.,2004,
American Archivist,Back to the future: Ernst posner's archives in the ancient world,O'Toole J.M.,2004,10.17723/aarc.67.2.h124276213041315
American Archivist,The Hoover institution and Russian archives,Danielson E.,2004,
American Archivist,Judging a book by its cover,Eppard P.,2004,
American Archivist,Negotiating the visual turn: New perspectives on images and archives,Schwartz J.,2004,10.17723/aarc.67.1.d3625v270m563426
American Archivist,Enriching our archival literature,Eppard P.,2004,
American Archivist,Jenkinson's writings on some enduring archival themes,Eastwood T.,2004,10.17723/aarc.67.1.h6g7ln5122373484
American Archivist,Ernst posner's archives and the public interest,Menne-Haritz A.,2005,10.17723/aarc.68.2.9lg3054k0057k462
American Archivist,Secrecy in government,Berry T.,2005,
American Archivist,Letters on the American archivist cover controversy,Jimerson R.,2005,
American Archivist,Making an impact on the archival profession,Eppard P.,2005,
American Archivist,"Lester J. Cappon and the relationship of history, archives, and scholarship in the golden age of archival theory",Cox R.J.,2005,10.17723/aarc.68.1.a10ju1xvu150626h
American Archivist,Third-party privacy in collections,Greene M.,2005,
American Archivist,Letter to the editor,Ashdown P.,2005,
American Archivist,"Building our own ""iron curtain"": The emergence of secrecy in American Government",Ericson T.L.,2005,10.17723/aarc.68.1.9m260j244177p553
American Archivist,American archivist cover controversy,Cox R.J.,2005,
American Archivist,The president speaks,,2005,
American Archivist,"Council meeting minutes august 3-7, 2004 - Boston",Beaumont N.,2005,
American Archivist,Part 7. A* CENSUS: Report on archival leadership,Davis S.E.,2006,
American Archivist,Part 2. A* CENSUS: A call to action,Walch V.,2006,
American Archivist,Part 8. Certified archi vists in the A* CENSUS,Diffendal A.,2006,
American Archivist,Part 3. A* CENSUS: A closer look,Walch V.,2006,
American Archivist,Archival research,Pugh M.,2006,
American Archivist,Part 1. Introduction,Walch V.,2006,
American Archivist,Part 4. A* CENSUS: Report on graduate archival education,Yakel E.,2006,
American Archivist,Part 6. A* CENSUS: Report on diversity,Banks B.,2006,
American Archivist,Embracing the power of archives,Jimerson R.C.,2006,10.17723/aarc.69.1.r0p75n2084055418
American Archivist,Secrecy in government,Ericson T.,2006,
American Archivist,"More product, less process",Mangravite A.,2006,
American Archivist,Images and initiatives,Pugh M.,2006,
American Archivist,Letter to the editor,Greene M.,2006,
American Archivist,American archivist for all,Pugh M.J.,2007,10.17723/aarc.70.2.k663411000373635
American Archivist,Artifacts and audiences,Pugh M.,2007,
American Archivist,Universal access to all knowledge,Kahle B.,2007,10.17723/aarc.70.1.u114006770252845
American Archivist,Janus in cyberspace: Archives on the threshold of the digital era,Pearce-Moses R.,2007,10.17723/aarc.70.1.n7121165223j6t83
American Archivist,Perceptions and perspectives: From the basement to the boardroom,Pugh M.,2008,
American Archivist,Letter to the editor,Gilliland A.,2008,
American Archivist,Letter to the editor,Adkins E.,2008,
American Archivist,"Council meeting minutes May 29 - June 1, 2008, Chicago",,2008,
American Archivist,Introduction to president Elizabeth Adkins,Bruemmer B.,2008,
American Archivist,Readers: What do you think about the american archivist?,Pugh M.,2009,10.17723/aarc.72.2.gl31028475kq1x0t
American Archivist,Writers: Conversation and collaboration,Pugh M.,2009,
American Archivist,Introduction to president Mark Greene,Meissner D.,2009,
American Archivist,Research: Intersecting theory and practice,Pugh M.,2010,
American Archivist,"With the exception of editing for conformity to capitalization, punctuation, and citation style, letters to the Forum are published verbatim",Greene M.,2010,
American Archivist,"With the exception of editing for conformity to capitalization, punctuation, and citation style, letters to the Forum are published verbatim",Prom C.,2010,
American Archivist,"With the exception of editing for conformity to capitalization, punctuation, and citation style, letters to the Forum are published verbatim",Greene M.,2010,
American Archivist,"With the exception of editing for conformity to capitalization, punctuation, and citation style, letters to the Forum are published verbatim",Van Ness C.,2010,
American Archivist,But a thin veil of paper,Boles F.,2010,
American Archivist,"Meditation, memory, and mission",Pugh M.,2010,
American Archivist,Introduction to president Frank Boles,Bell-Russel D.,2010,
American Archivist,Seventy-five and six,Pugh M.,2011,
American Archivist,To the editor,,2011,
American Archivist,Unifying the archival profession: A proposal (with an introduction by Victoria Irons Walch),Gottlieb P.,2011,10.17723/aarc.74.1.h118568g2402l85k
American Archivist,"Front matter (Front cover, masthead, table of contents, from the editor, letters to the editor)",Pugh M.J.,2011,10.17723/aarc.74.1.h071xx52gmhg7347
American Archivist,Unifying the archival profession: A proposal,Gottlieb P.,2011,
American Archivist,"""Visible memory, visual method"": Objectivity and the photographic archives of science",Mifflin J.,2011,10.17723/aarc.74.1.e56q052870087625
American Archivist,To the editor,Treadway S.G.,2011,
American Archivist,To the editor,Yaco S.,2011,
American Archivist,"Celebrating, commemorating, and experimenting: SAA@75",Landis W.E.,2011,10.17723/aarc.74.suppl-1.0l40026745lj3360
American Archivist,The American archivist at seventy-five: Looking backward and looking forward,Hunter G.,2012,
American Archivist,From the editor,Hunter G.S.,2012,
American Archivist,Introduction: Helen tibbo,Kenamore J.,2012,
American Archivist,Forum,Filardo P.,2012,
American Archivist,On the occasion of SAA's Diamond Jubilee: A profession coming of age in the digital era,Tibbo H.R.,2012,
American Archivist,The SAA annual meeting and the American archivist,Hunter G.,2013,
American Archivist,Forum,Caswell M.,2013,10.17723/aarc.76.2.89324135v02r2q74
American Archivist,To the editor,Greene M.,2013,
American Archivist,Thoughts of spring,Hunter G.,2013,
American Archivist,"The good, the bad, and the ugly: The archival profession and future challenges (with an introduction by Robert P. Spindler)",Trinkaus-Randall G.,2013,10.17723/aarc.76.1.u1837m3160l5t43v
American Archivist,Introduction,Spindler R.,2013,
American Archivist,Editorial janus: Reflections on the end of a term,Hunter G.,2014,
American Archivist,Reviews,Cary A.,2014,10.17723/aarc.77.1.g11833771871877g
American Archivist,Introduction of SAA president Jackie Dooley,Proffitt M.,2014,
American Archivist,To the editor,Cushing L.,2014,10.17723/aarc.77.1.g4680h1832152121
American Archivist,The Archival Profession and Society,Hunter G.,2015,10.17723/0360-9081.78.2.285
American Archivist,"A Brief Preliminary Comment on ""being Assumed Not to Be"" 1 - And a Pledge This Will Not Become Ad Hominem Ad Infinitum",Greene M.A.,2015,10.17723/0360-9081.78.2.599
American Archivist,An Archival Roadmap,Bell D.C.,2015,10.17723/0360-9081.78.1.9
American Archivist,The American Archivist Online: Version 2.0,Hunter G.,2015,10.17723/0360-9081.78.1.3
American Archivist,Introduction to President Danna C. Bell,Bell D.,2015,10.17723/0360-9081.78.1.7
American Archivist,To the Editor,Meissner D.,2016,10.17723/0360-9081.79.1.219
American Archivist,Why Archives?,Roe K.D.,2016,10.17723/0360-9081.79.1.6
American Archivist,Reconsidering Archives,Hunter G.,2016,10.17723/0360-9081.79.1.3
American Archivist,The archival profession: Looking backward and looking forward,Hunter G.,2016,10.17723/0360-9081-79.2.227
American Archivist,A Quick Six Years,Hunter G.,2017,10.17723/0360-9081-80.2.265
American Archivist,Bare necessities,Meissner D.,2017,10.17723/0360-9081.80.1.6
American Archivist,The breadth of archives,Hunter G.,2017,10.17723/0360-9081.80.1.3
American Archivist,On the issues of modern polish archival science,Nowozycki B.,2017,10.17723/0360-9081.80.1.213
American Archivist,The 10 scholarship of reviews,Anderson B.,2018,10.17723/0360-9081-81.2.513
American Archivist,The people part of archives,Lee C.A.,2018,10.17723/0360-9081-81.2.287
American Archivist,"Archives, history, and technology: Prologue and possibilities for SAA and the archival community",McGovern N.Y.,2018,10.17723/0360-9081-81.1.9
American Archivist,The literature of a profession,Lee C.A.,2018,10.17723/0360-9081-81.1.3
American Archivist,To the Editor,Inefuku H.W.,2019,10.17723/aarc-82-02-24
American Archivist,Listening to Each Other,Lee C.A.,2019,10.17723/0360-9081-82.2.259
American Archivist,To the Editor,George C.A.,2019,10.17723/aarc-82-02-22
American Archivist,To the Editor,Stuchel D.,2019,10.17723/aarc-82-02-23
American Archivist,Archival robustness,Lee C.A.,2019,10.17723/0360-9081-82.1.3
American Archivist,Reviews as Critical Engagement,Anderson B.,2019,10.17723/0360-9081-82.1.207
American Archivist,Keeping evidence and memory: Archives storytelling in the twenty-first century,Zanish-Belcher T.,2019,10.17723/0360-9081-82.1.9
American Archivist,"Responsible Operations: Data Science, Machine Learning, and AI in Libraries",Macgregor R.,2020,10.17723/0360-9081-83.2.483
American Archivist,Shadow Archives: The Lifecycles of African American Literature,Neal K.M.,2020,10.17723/0360-9081-83.2.454
American Archivist,Teaching Undergraduates with Archives,Trammell A.,2020,10.17723/0360-9081-83.2.463
American Archivist,"""no Refuge in Complacency""",Anderson B.,2020,10.17723/0360-9081-83.2.451
American Archivist,Letter to the Editor,Lockard K.,2020,10.17723/0360-9081-83.2.449
American Archivist,Partners for Preservation: Advancing Digital Preservation through Cross-Community Collaboration,Oldham K.M.,2020,10.17723/0360-9081-83.2.487
American Archivist,Advocacy and Awareness for Archivists,Bitter J.,2020,10.17723/0360-9081-83.2.467
American Archivist,Trusting Records in the Cloud,Shallcross M.,2020,10.17723/0360-9081-83.2.458
American Archivist,"Working: Researching, Interviewing, Writing",Harper D.,2020,10.17723/0360-9081-83.2.480
American Archivist,Growth and Transition in a Time of Uncertainty,Lee C.A.,2020,10.17723/0360-9081-83.2.221
American Archivist,Viral Networks: Connecting Digital Humanities and Medical History,Garwood D.A.,2020,10.17723/0360-9081-83.2.475
American Archivist,Participatory Archives: Theory and Practice,Alaoui S.,2020,10.17723/0360-9081-83.2.470
American Archivist,Reviews in Reflection,Anderson B.,2021,10.17723/0360-9081-84.2.520
American Archivist,The Innovation Delusion: How Our Obsession with the New Has Disrupted the Work That Matters Most,Owens T.,2021,10.17723/0360-9081-84.2.545
American Archivist,Working Toward Best Practices for Design Records,Quagliaroli J.,2021,10.17723/0360-9081-84.2.238
American Archivist,The Filing Cabinet: A Vertical History of Information,Oestreicher C.,2021,10.17723/0360-9081-84.2.549
American Archivist,"Archives, Recordkeeping, and Social Justice",Wilson L.,2021,10.17723/0360-9081-84.2.528
American Archivist,Burning the Books: A History of Knowledge Under Attack,Houlihan B.,2021,10.17723/0360-9081-84.2.553
American Archivist,Off the Record,Lowry J.,2021,10.17723/0360-9081-84.2.522
American Archivist,Writing as an Act of Community,Cary A.C.,2021,10.17723/0360-9081-84.2.223
American Archivist,Recordkeeping Cultures,Alaoui S.,2021,10.17723/0360-9081-84.2.532
American Archivist,Advancing Preservation for Archives and Manuscripts,Drewes J.,2021,10.17723/0360-9081-84.2.537
American Archivist,Record-Making and Record-Keeping in Early Societies,Smith J.,2021,10.17723/0360-9081-84.2.541
American Archivist,The Broad Scope of Design Records,Trivette K.,2021,10.17723/0360-9081-84.2.236
American Archivist,Something New,Cary A.C.,2021,10.17723/0360-9081-84.1.3
American Archivist,Archival Returns: Central Australia and Beyond,Marsh D.E.,2021,10.17723/0360-9081-84.1.199
American Archivist,“All Shook Up”: The Archival Legacy of Terry Cook,Blouin F.X.,2021,10.17723/0360-9081-84.1.207
American Archivist,Archives and Special Collections as Sites of Contestation,Lowe C.V.,2021,10.17723/0360-9081-84.1.203
American Archivist,Zwölf Wege ins Archiv. Umrisse einer offenen und praktischen Archivwissenschaft,Hering K.,2021,10.17723/0360-9081-84.1.210
American Archivist,WE Are SAA,Evans M.R.,2021,10.17723/0360-9081-84.1.7
American Archivist,Producing the Archival Body,Watson B.M.,2021,10.17723/0360-9081-84.1.222
American Archivist,Reviewing the Past,Anderson B.,2021,10.17723/0360-9081-84.1.189
American Archivist,Distant Horizons: Digital Evidence and Literary Change,Green H.,2021,10.17723/0360-9081-84.1.218
American Archivist,Reference and Access for Archives and Manuscripts,Scott K.,2021,10.17723/0360-9081-84.1.227
American Archivist,Transparência e opacidade do estado no Brasil: Usos e desusos da informação governamental,Franco S.,2021,10.17723/0360-9081-84.1.194
American Archivist,"A Future in Ruins: UNESCO, World Heritage, and the Dream of Peace",Van Zandt L.,2021,10.17723/0360-9081-84.1.214
American Archivist,Documenting Rebellions: A Study of Four Lesbian and Gay Archives in Queer Times,Rawson K.J.,2021,10.17723/0360-9081-84.1.191
American Archivist,The Social Movement Archive,Podolsky L.,2022,10.17723/2327-9702-85.2.708
American Archivist,A Time to Gather: Archives and the Control of Jewish Culture,Naron J.,2022,10.17723/2327-9702-85.2.704
American Archivist,"Awful Archives: Conspiracy Theory, Rhetoric, and Acts of Evidence",Engel E.E.,2022,10.17723/2327-9702-85.2.721
American Archivist,"""and You May Ask Yourself, 'Well, How Did i Get Here'""",Cary A.C.,2022,10.17723/2327-9702-85.2.331
American Archivist,#Archives: Centering the Profession in Critical Conversations and Popular Discourse,Buchanan R.,2022,10.17723/2327-9702-85.2.700
American Archivist,Writing Across the Spectrum,Cary A.C.,2022,10.17723/2327-9702-85.1.3
American Archivist,Appreciating the Archives and Archival Thinking of the Middle East and North Africa,Ahmed S.,2023,10.17723/2327-9702-86.2.320
American Archivist,The Meaning of Archives,Buchanan R.,2023,10.17723/2327-9702-86.2.653
American Archivist,It's a Conversation,Cary A.C.,2023,10.17723/2327-9702-86.2.256
American Archivist,Centering the Archives of the Middle East and North Africa,Hankins R.,2023,10.17723/2327-9702-86.2.323
American Archivist,"Mirror, Mirror",Cooper Cary A.,2023,10.17723/2327-9702-86.1.5
American Archivist,"""show to Who""",Chartier C.,2023,10.17723/2327-9702-86.1.7
American Archivist,Building a Baseline of Archival Data with A∗CENSUS II,Gunter King J.,2023,10.17723/2327-9702-86.1.13
American Archivist,Archives in Conversation,Buchanan R.,2023,10.17723/2327-9702-86.1.219
American Archivist,Imagining Archival Futures,Buchanan R.,2024,10.17723/2327-9702-87.2.466
American Archivist,Draft No. 4: Thinking about Our Writing,Cary A.C.,2024,10.17723/2327-9702-87.2.261
American Archivist,"On Stephen King, and the ""what"" and ""why"" of American Archivist",Cary A.C.,2024,10.17723/2327-9702-87.1.5
American Archivist,Interdisciplinary Approaches to Archives,Buchanan R.,2024,10.17723/2327-9702-87.1.225
American Archivist,"Lovers in a Dangerous Time: Archives, Archivists, and Community",Baxter T.,2024,10.17723/2327-9702-87.1.9
American Archivist,Scattered and Fugitive Things: How Black Collectors Created Archives and Remade History,Dean G.,2025,10.17723/2327-9702-88.2.480
American Archivist,From Local to Global: Variety in the Archival Literature,Buchanan R.,2025,10.17723/2327-9702-88.2.474
American Archivist,No Time (Not) to Read,Cary A.C.,2025,10.17723/2327-9702-88.2.245
American Archivist,“Pūpūkāhi i Holomua”—Unite in Order to Progress,Smith H.W.,2025,10.17723/2327-9702-88.1.7
American Archivist,"Archeion, Volumes 122–124",Pawelczyk-Dura K.,2025,10.17723/2327-9702-88.1.225
American Archivist,Accessioning: The Always-Already Function of Archival Practice,Davis R.K.J.,2025,10.17723/2327-9702-88.1.10
American Archivist,Raise Your Voice,Cary A.C.,2025,10.17723/2327-9702-88.1.5
American Archivist,Time Flies but the Literature Grows: Timely Reviews for a Fast-Paced Field,Buchanan R.,2025,10.17723/2327-9702-88.1.210
Archival Science,An archival system with old traditions in a time of change,Menne-Haritz A.,2003,10.1007/s10502-005-2406-1
Archival Science,"Archival science in Germany - Traditions, developments and perspectives",Bruebach N.,2003,10.1007/s10502-004-3420-4
Archival Science,"Action, transaction, and vorgang: Gaining new insights from an old practice",Miller T.,2003,10.1007/s10502-004-0042-9
Archival Science,A new outlook for German archives since the reunification in 1990,Weber H.,2003,10.1007/s10502-004-3021-2
Archival Science,Caging virtual antelopes: Suzanne Briet's definition of documents in the context of the digital age,Tourney M.,2003,10.1007/s10502-004-4038-2
Archival Science,Archival Science: Introduction,Gilliland A.,2004,10.1007/s10502-006-6743-5
Archival Science,Archival Science: Introduction,Couture C.,2004,10.1007/s10502-005-6976-8
Archival Science,Documenting displacement: The migration of archival sources from post-WW II East European émigré groups,Wurl J.,2005,10.1007/s10502-005-5763-x
Archival Science,"The evolution, application, and future of macroappraisal",Loewen C.,2005,10.1007/s10502-005-9003-1
Archival Science,Archival Science: Preface,Anderson K.,2006,10.1007/s10502-007-9049-3
Archival Science,"Erratum: The evolution, application, and future of macroappraisal (Archival Science DOI: 10.1007/s10502-005-9003-1)",Loewen C.,2006,10.1007/s10502-006-9039-x
Archival Science,Introduction to the Archival Science special issue on graduate archival education,Bastian J.,2006,10.1007/s10502-006-9023-5
Archival Science,Archives Science: Introduction,Blair A.,2007,10.1007/s10502-008-9069-7
Archival Science,Commentary,Burke P.,2007,10.1007/s10502-008-9067-9
Archival Science,The data documentation initiative: A preservation standard for research,Rasmussen K.B.,2007,10.1007/s10502-006-9036-0
Archival Science,"An introduction to digital convergence: Libraries, archives, and museums in the information age",Marty P.,2008,10.1007/s10502-009-9094-1
Archival Science,Introduction,Skare R.,2008,10.1007/s10502-009-9087-0
Archival Science,Along and against the grain: The philosophy of the archive: Papers from the first international conference of the Investigating the Archive project,Whatley P.,2009,10.1007/s10502-009-9108-z
Archival Science,"Minority reports: Indigenous and community voices in archives. Papers from the 4th International Conference on the History of Records and Archives (ICHORA4), Perth, Western Australia, August 2008",Sassoon J.,2009,10.1007/s10502-009-9097-y
Archival Science,Introduction,Blair A.,2010,10.1007/s10502-010-9131-0
Archival Science,Questions of trust (and distrust),Flinn A.,2011,10.1007/s10502-011-9169-7
Archival Science,Genre studies and archives: Introduction to the special issue,Oliver G.,2012,10.1007/s10502-012-9192-3
Archival Science,"Memory, identity and the archival paradigm: Introduction to the special issue",Brown C.,2013,10.1007/s10502-013-9203-z
Archival Science,Defining human rights archives: introduction to the special double issue on archives and human rights,Caswell M.,2014,10.1007/s10502-014-9226-0
Archival Science,Farewell and thank-you to Eric Ketelaar,Yakel E.,2014,10.1007/s10502-014-9217-1
Archival Science,“Humanizing an inevitability political craft”: Introduction to the special issue on archiving activism and activist archiving,Flinn A.,2015,10.1007/s10502-015-9260-6
Archival Science,The ever changing face of digital curation: introduction to the special issue on digital curation,Dobreva M.,2015,10.1007/s10502-015-9243-7
Archival Science,"Affect and the archive, archives and their affects: an introduction to the special issue",Cifor M.,2016,10.1007/s10502-015-9263-3
Archival Science,Fostering archival scholarship: introduction to the special issue on the Archival Education Research Institute,Punzalan R.,2017,10.1007/s10502-017-9275-2
Archival Science,Archives in a changing climate: responding to a diversity of environments,Foscarini F.,2019,10.1007/s10502-019-09327-7
Archival Science,Archives in a changing climate: proposing new “solutions” for a new era,Frings-Hessami V.,2019,10.1007/s10502-019-09317-9
Archival Science,Epilogue. On Augusta’s porch; a meditation on decolonizing the archives,Bastian J.A.,2019,10.1007/s10502-019-09310-2
Archival Science,“To go beyond”: towards a decolonial archival praxis,Ghaddar J.J.,2019,10.1007/s10502-019-09311-1
Archival Science,Archival thinking: archaeologies and genealogies,Lowry J.,2021,10.1007/s10502-020-09355-8
Archival Science,"Total archives for land, law and sovereignty in settler Canada",Ghaddar J.J.,2021,10.1007/s10502-020-09353-w
Archival Science,Introduction: challenges and prospects of born-digital and digitized archives in the digital humanities,Jaillant L.,2022,10.1007/s10502-022-09396-1
Archival Science,Archives and the Digital World,Punzalan R.L.,2023,10.1007/s10502-022-09400-8
Archival Science,Farewell and thank you to Beth Yakel; welcome to Fiorella Foscarini,Anderson K.,2023,10.1007/s10502-023-09412-y
Archival Science,Dedication and introduction to the provenance special issue,Bastian J.A.,2024,10.1007/s10502-024-09467-5
Archival Science,Dignity by design: pathways to participatory recordkeeping systems,Freeman E.,2024,10.1007/s10502-024-09442-0
Archival Science,Exploring non-archival trajectories of written artefacts: an introduction,Friedrich M.,2025,10.1007/s10502-025-09505-w
Archival Science,Introduction: resilience and dissidence in post-Ottoman minority sources,Rappas A.,2025,10.1007/s10502-025-09521-w
Archival Science,Deserts as infinite dis-archives,El Guabli B.,2026,10.1007/s10502-026-09527-y
Archival Science,"Intentionality, capacity, and communication: ethical donor relations strategies for archivists engaging with individuals with memory loss",Birrell L.,2026,10.1007/s10502-025-09523-8
Archivaria,The moving image premieres,Bergeron R.,2001,
Archivaria,"The ""English report"" and archives: A critical appreciation",Cook T.,2002,
Archivaria,"Erratum to The record-keeping practices of women's organizations: A case study of three organizations in Vancouver, British Columbia (Archivaria (1999), 55)",,2003,
Archivaria,Note from the editor,McIntosh R.,2004,
Archivaria,To better understand the Quebec archival,Gadoury L.,2005,
Archivaria,Note from the general editor,McIntosh R.,2005,
Archivaria,Towards an understanding of the archival discipline in Québec,Gadoury L.,2005,
Archivaria,"Special section on archives: Space and power: ""Having new eyes"": Spaces of archives, landscapes of power",Schwartz J.M.,2006,
Archivaria,Special section on archives and culture: Note from the Guest Editors,Smith J.,2007,
Archivaria,Note from the General editor,Bailey C.A.,2007,
Archivaria,Special section on archives and photography,Stacy S.,2008,
Archivaria,Archivalterity: Rethinking original order,MacNeil H.,2008,
Archivaria,Special section on taking a stand!: Activism in Canadian cultural archives,Garay K.,2009,
Archivaria,Note from the guest editors,Barriault M.,2009,
Archivaria,"A commentary on Patrizia Gentile's ""Resisted Access? National security, the Access to Information Act, and Queer(ing) Archives""",German D.,2010,
Archivaria,From the guest editors: Archives and the law,Dryden J.,2010,
Archivaria,"From the guest editor: ""New contexts of permanent change"" in digital archivy",Matienzo M.A.,2011,
Archivaria,From the general editor: Lyne St-Hilaire-Tardif,Dryden J.,2012,
Archivaria,From the guest editor: Arrangement and description of archives,Eastwood T.,2012,
Archivaria,From the guest editors: Perspectives on personal archives,Carter R.,2013,
Archivaria,The general editor and the guest editor respond,Dryden J.,2013,
Archivaria,Letter to the editor,Greene M.,2013,
Archivaria,Archives: Public awareness and engagement,Heron C.,2014,
Archivaria,To know ourselves: Archives,Symons T.,2014,
Archivaria,Digital content: Business models,Weir L.,2014,
Archivaria,Integrity and accountability: Why it matters,Waiser B.,2014,
Archivaria,Archives and the heritage community,Morrison D.,2014,
Archivaria,From settler colonialism to the age of migration: Archives and the renewal of democracy in Canada,Madokoro L.,2014,
Archivaria,"The Canadian Archives Summit, 2014",Wilson I.,2014,
Archivaria,Developing archival standards,Dancy R.,2014,
Archivaria,Making an archival golden age in the changing world of digital scholarship,Gaffield C.,2014,
Archivaria,The role of archives in a digital society: Now is what matters,Theimer K.,2014,
Archivaria,To understand ourselves: Introduction to the 40th anniversary issue of Archivaría,Douglas J.,2015,
Archivaria,An accidental archive of the old Durham road: Reclaiming a black pioneer settlement,Norquay N.,2016,
Archivaria,Letter to the editor,Dryden J.,2016,
Archivaria,Letter to the editor,Edmondson R.,2019,
Archivaria,"Collective Acts. Morris and Helen Belkin Art Gallery, University of British Columbia, Vancouver, British Columbia. 4 September - 2 December 2018. Curated by Lorna Brown.",Alisauskas A.,2019,
Archivaria,"Animalia: Animals in the archives. Helen McClung Exhibit Area, Archives of Ontario, Toronto, Ontario. december 2018 (ongoing). Curated by Jay Young.",Grant J.,2019,
Archivaria,Feeling liberatory memory work on the archival uses of joy and anger1,Caswell M.,2020,
Archivaria,"The blue clerk: Ars poetica in 59 versos. dionne brand. toronto: Mcclelland & stewart, 2019. 248 pp. 9780771001543",Howes H.,2020,
Archivaria,"The way she looks: A history of female gazes in african portraiture – photographs from the walther collection. ryerson image centre, ryerson university, toronto, ontario. september 11 – december 8, 2019. guest curated by sandrine colard.",Malvoisin A.,2020,
Archivaria,Deanna bowen: God of gods: A Canadian play,Suurtamm K.,2020,
Archivaria,Introduction,Douglas J.,2022,
Archivaria,"Beans, Dramatic film by Tracey Deer",Invalid ,2022,10.7202/1094885AR
Archivaria,Lilly A. Koltun 1951–2021,Schwartz J.M.,2022,10.7202/1089693ar
Archivaria,"“Waiting for RiC”: The Release of Records in Contexts, version 1.0",Dancy R.,2024,10.7202/1114840ar
Archivaria,Letter to the Editor,Gibb S.,2024,10.7202/1112071ar
Archivaria,A Conversation about the Reconciliation Framework,Frogner R.,2024,10.7202/1112077ar
Archivaria,Editors’ Introduction,Ramirez M.H.,2025,
Archivaria,"Any Other Way: The Jackie Shane Story, Documentary film by Michael Mabbott and Lucah Rosenberg-Lee",Martin S.,2025,
Archivaria,Whither RAD: Do We Continue the “Voyage of RAD” or Prepare for the “New Canoe”?,Bak G.,2025,10.7202/1118513ar
Records Management Journal,Managing electronic records,Mcleod J.,2002,10.1108/rmj.2002.28112caa.001
Records Management Journal,Opinion piece,McDonald J.,2002,10.1108/rmj.2002.28112caf.001
Records Management Journal,Editorial,Hare C.,2002,10.1108/rmj.2002.28112baa.001
Records Management Journal,"Archival Web Sites: A Guide to Creating, Designing, Marketing and Maintaining a Web Site for Archive Services",Hanlon S.,2002,10.1108/rmj.2002.12.2.65.1
Records Management Journal,Personal liability and the future shape of record keeping,Cameron A.,2002,10.1108/rmj.2002.28112aaf.001
Records Management Journal,Editorial,Mcleod J.,2002,10.1108/rmj.2002.28112aaa.001
Records Management Journal,Editorial,Hare C.,2003,10.1108/rmj.2003.28113caa.001
Records Management Journal,Editorial,Hare C.,2003,10.1108/rmj.2003.28113baa.001
Records Management Journal,Editorial,Hare C.,2003,10.1108/rmj.2003.28113aaa.001
Records Management Journal,Blurred lines: Records management in the knowledge management arena,Hughes C.,2003,10.1108/rmj.2003.28113aaf.001
Records Management Journal,Editorial,Mcleod J.,2004,10.1108/rmj.2004.28114caa.001
Records Management Journal,Editorial,Hare C.,2004,10.1108/rmj.2004.28114baa.001
Records Management Journal,Editorial,Mcleod J.,2004,10.1108/rmj.2004.28114aaa.001
Records Management Journal,Information Nation Warrior: An Information Management Compliance Bootcamp,Hare C.,2005,10.1108/rmj.2005.28115cae.004
Records Management Journal,"1st PhD Conference in Archives and Records Management, University of Liverpool",Spence J.,2005,10.1108/rmj.2005.28115cae.001
Records Management Journal,Editorial,McLeod J.,2005,10.1108/rmj.2005.28115caa.001
Records Management Journal,A Review of EDRMS Resources in the UK and Europe,Bell H.,2005,10.1108/rmj.2005.28115cae.002
Records Management Journal,Awards for Excellence,,2005,10.1108/rmj.2005.28115caa.003
Records Management Journal,Electronic Records: A Workbook for Archivists. ICA Study 16. International Council on Archives,McLeod J.,2005,10.1108/rmj.2005.28115cae.003
Records Management Journal,Your Right to Know: How to Use the Freedom of Information Act and Other Access Laws,Hare C.,2005,10.1108/rmj.2005.28115bae.003
Records Management Journal,"An Introduction to Information Management: The “Why"", “What” and “How” of Information Management, Associated Legislation and Initiatives",Hare C.,2005,10.1108/rmj.2005.28115bae.002
Records Management Journal,Enterprise Content Management: What You Need to Know,McLeod J.,2005,10.1108/rmj.2005.28115bae.001
Records Management Journal,Editorial,McLeod J.,2005,10.1108/rmj.2005.28115aaa.001
Records Management Journal,Conference,Hardiman R.,2006,10.1108/rmj.2006.28116cae.001
Records Management Journal,Publication,Hughes C.,2006,10.1108/rmj.2006.28116cae.002
Records Management Journal,Editorial,McLeod J.,2006,10.1108/rmj.2006.28116caa.001
Records Management Journal,Project,Mcleod J.,2006,10.1108/rmj.2006.28116cae.003
Records Management Journal,Editorial,McLeod J.,2006,10.1108/rmj.2006.28116baa.001
Records Management Journal,Corporate Memory: Records and Information Management in the Knowledge Age (2nd edition),Mcleod J.,2006,10.1108/09565690610677481
Records Management Journal,Editorial,McLeod J.,2006,10.1108/rmj.2006.28116aaa.001
Records Management Journal,BIP 0025-4:2007: Effective Records Management - Part 4: How to Comply with BS ISO 15489-1,Hare C.,2007,10.1108/rmj.2007.28117cae.004
Records Management Journal,A Guide to the Retention of Modern Records on Landed Estates (2nd revised edition),Davies S.J.,2007,10.1108/rmj.2007.28117cae.002
Records Management Journal,Preserving Archives,Rees L.,2007,10.1108/rmj.2007.28117cae.003
Records Management Journal,Research Methods in Information,Lomas E.,2007,10.1108/rmj.2007.28117cae.001
Records Management Journal,Editorial,Hare C.,2007,10.1108/rmj.2007.28117caa.001
Records Management Journal,"Ethics, Accountability, and Record keeping in a Dangerous World",Moss M.,2007,10.1108/rmj.2007.28117bae.001
Records Management Journal,"Recordkeeping, Ethics and Law: Regulatory Models, Participant Relationships and Rights and Responsibilities in the Online World",Todd M.,2007,10.1108/rmj.2007.28117bae.002
Records Management Journal,Gatekeepers: The Professions and Corporate Governance,McLeod J.,2007,10.1108/rmj.2007.28117bae.007
Records Management Journal,"Exploring the Essence of Records Management, Engaging with Experts: Proceedings",Barry R.,2007,10.1108/rmj.2007.28117bae.005
Records Management Journal,Editorial,McLeod J.,2007,10.1108/rmj.2007.28117baa.001
Records Management Journal,"The Information Governance Toolkit: Data Protection, Caldicott, Confidentiality",Metcalfe N.,2007,10.1108/rmj.2007.28117bae.006
Records Management Journal,How to Manage Records in the E-environment,Demb S.,2007,10.1108/rmj.2007.28117bae.004
Records Management Journal,How to Do Research: A Practical Guide to Designing and Managing Research Projects (3rd revised edition),Williams C.,2007,10.1108/rmj.2007.28117bae.008
Records Management Journal,"Record Keeping in a Hybrid Environment: Managing the Creation, Use, Preservation and Disposal of Unpublished Information Objects in Context",Hare C.,2007,10.1108/rmj.2007.28117bae.003
Records Management Journal,Editorial,McLeod J.,2007,10.1108/rmj.2007.28117aaa.001
Records Management Journal,"Managing Archives: Foundations, Principles and Practice",Newton C.,2007,10.1108/09565690710730705
Records Management Journal,Information Rights in Practice: The Non-legal Professional's Guide,,2008,10.1108/rmj.2008.28118cae.003
Records Management Journal,"MoReq2: Model Requirements for the Management of Electronic Records, Update and Extension",,2008,10.1108/rmj.2008.28118cae.001
Records Management Journal,Editorial,McLeod J.,2008,10.1108/rmj.2008.28118caa.001
Records Management Journal,A Manager's Guide to the Long-term Preservation of Electronic Document,,2008,10.1108/rmj.2008.28118cae.002
Records Management Journal,Planning and Implementing Electronic Records Management,Hare C.,2008,10.1108/rmj.2008.28118bae.002
Records Management Journal,Editorial,Mcleod J.,2008,10.1108/rmj.2008.28118baa.001
Records Management Journal,Understanding Data and Information Systems for Recordkeeping,McLeod J.,2008,10.1108/rmj.2008.28118bae.003
Records Management Journal,Public Sector Records Management: A Practical Guide,Gabriel S.,2008,10.1108/rmj.2008.28118bae.001
Records Management Journal,Witness Seminar Conference: Examining the issues and challenges of email and e-communications,Joyce R.,2008,10.1108/rmj.2008.28118aaa.002
Records Management Journal,Editorial,McLeod J.,2008,10.1108/rmj.2008.28118aaa.001
Records Management Journal,Editorial,Mcleod J.,2009,10.1108/rmj.2009.28119caa.001
Records Management Journal,Guest editorial,Tough A.,2009,10.1108/rmj.2009.28119caa.002
Records Management Journal,"Digital Images for the Information Professional,",,2009,10.1108/rmj.2009.28119bae.002
Records Management Journal,Digital Preservation Policies Study Part 1,Kilcullen M.,2009,10.1108/rmj.2009.28119bae.005
Records Management Journal,What are Archives? Cultural and Theoretical Perspectives: A Reader,em S.,2009,10.1108/rmj.2009.28119bae.003
Records Management Journal,Digital Consumers: Reshaping the Information Professions,Arnott G.,2009,10.1108/rmj.2009.28119bae.004
Records Management Journal,BS 10008:2008. Evidential Weight and Legal Admissibility of Electronic Information – Specification,Stockdale M.,2009,10.1108/rmj.2009.28119bae.001
Records Management Journal,Editorial,Mcleod J.,2009,10.1108/rmj.2009.28119baa.001
Records Management Journal,"International Research on Permanent Authentic Records in Electronic Systems (InterPARES) 2: Experiential, Interactive and Dynamic Records",,2009,10.1108/rmj.2009.28119aae.003
Records Management Journal,"National Occupational Standards: Information and Library Services, Archives Services and Records Management",,2009,10.1108/rmj.2009.28119aae.002
Records Management Journal,Managing the Crowd: Rethinking Records Management for the Web 2.0 World,,2009,10.1108/rmj.2009.28119aae.001
Records Management Journal,The Revolution Will Not Be Downloaded. Dissent in the Digital Age,Hanlon S.,2009,10.1108/rmj.2009.28119aae.004
Records Management Journal,Editorial,Mcleod J.,2009,10.1108/rmj.2009.28119aaa.001
Records Management Journal,Editorial,Mcleod J.,2010,10.1108/rmj.2010.28130caa.001
Records Management Journal,2010 Awards for Excellence,,2010,10.1108/rmj.2010.28130caa.002
Records Management Journal,Classification Made Simple: An Introduction to Knowledge Organisation and Information Retrieval (3rd edition),Robinson C.,2010,10.1108/rmj.2010.28130cae.001
Records Management Journal,How to Develop a Retention Schedule,Stevenson K.,2010,10.1108/rmj.2010.28130cae.002
Records Management Journal,"Information Risk Management: Valuing, Protecting and Leveraging Business Information",Hay-Gibson N.,2010,10.1108/rmj.2010.28120cae.004
Records Management Journal,Metadata. A Basic Tutorial for Records Managers. ARMA TR 03-2009,Childs S.,2010,10.1108/rmj.2010.28120cae.003
Records Management Journal,Editorial,Mcleod J.,2010,10.1108/rmj.2010.28120baa.001
Records Management Journal,Managing Electronic Records (4th ed.),Hardiman R.,2010,10.1108/rmj.2010.28120aae.004
Records Management Journal,Happy birthday to RMJ,Morddel A.,2010,10.1108/rmj.2010.28120aaa.002
Records Management Journal,Editorial,Mcleod J.,2010,10.1108/rmj.2010.28120aaa.001
Records Management Journal,Measuring the impact of research,Marsh R.,2010,10.1108/rmj.2010.28120aaa.003
Records Management Journal,Archives and Archivists in 20th Century England,Lomas E.,2010,10.1108/rmj.2010.28120aae.005
Records Management Journal,Delete: The Virtue of Forgetting in the Digital Age,Stevenson K.,2010,10.1108/rmj.2010.28120aae.001
Records Management Journal,Code of Practice on the Management of Records,Moran C.,2010,10.1108/rmj.2010.28120aae.002
Records Management Journal,BS 10012:2009 Data Protection Specification for a Personal Information Management System,Young L.,2010,10.1108/rmj.2010.28120aae.003
Records Management Journal,Editorial,Mcleod J.,2011,10.1108/rmj.2011.28121caa.001
Records Management Journal,Editorial,Mcleod J.,2011,10.1108/rmj.2011.28121baa.001
Records Management Journal,The Archives and Records Association (ARA) UK and Ireland 2010 Cloud Computing Report and Toolkit Reports,Cumming K.,2011,10.1108/09565691111152116
Records Management Journal,The future of archives and recordkeeping,Lomas E.,2011,10.1108/09565691111125125
Records Management Journal,Editorial,McLeod J.,2011,10.1108/rmj.2011.28121aaa.002
Records Management Journal,Editorial,Mcleod J.,2012,10.1108/rmj.2012.28122aaa.001
Records Management Journal,The IG Game. Information Governance in Primary Care,Childs S.,2012,10.1108/rmj.2012.28122aaa.002
Records Management Journal,Information Resource Description: Creating and Managing Metadata,Maguire R.,2013,10.1108/RMJ-09-2013-0020
Records Management Journal,Introduction to Information Science,Hare C.,2013,10.1108/RMJ-09-2013-0018
Records Management Journal,Records and Information Management,Jones P.,2013,10.1108/RMJ-09-2013-0019
Records Management Journal,Editorial,Mcleod J.,2013,10.1108/rmj.2013.28123aaa.001
Records Management Journal,Records Management and Information Culture,,2014,10.1108/RMJ-09-2014-0036
Records Management Journal,Guest editorial,Foscarini F.,2017,10.1108/RMJ-05-2017-0014
Records Management Journal,Guest editorial,Lomas E.,2019,10.1108/RMJ-03-2019-048
Records Management Journal,Guest editorial,McLeod J.,2020,10.1108/RMJ-07-2020-057
Records Management Journal,Special issue editorial,Demb S.R.,2021,10.1108/RMJ-04-2021-0017
Records Management Journal,"Editorial: The carrot and the stick: the impact of legislation and regulation on records management best practice, change and innovation",Lomas E.J.,2024,10.1108/RMJ-11-2024-083
Records Management Journal,Publisher’s note,,2025,10.1108/RMJ-09-2025-084
